{
  "best_params": {
    "LR": {
      "C": 0.1,
      "class_weight": "balanced"
    },
    "SVM": {
      "C": 1,
      "class_weight": "balanced",
      "gamma": 0.1
    },
    "RF": {
      "class_weight": null,
      "max_depth": null,
      "n_estimators": 300
    }
  },
  "cv_auc": {
    "LR": 0.7998538827706472,
    "SVM": 0.8275822768062258,
    "RF": 0.8814496630270601
  },
  "validation": {
    "LR": {
      "acc": 0.7528205128205128,
      "f1": 0.7426310722254047,
      "auc": 0.8245384496980342,
      "pr_auc": 0.8862511014697589,
      "low_recall": 0.7541899441340782,
      "high_recall": 0.7520259319286872,
      "brier": 0.17041054149940335
    },
    "SVM": {
      "acc": 0.7979487179487179,
      "f1": 0.7780406096415253,
      "auc": 0.8584020716568728,
      "pr_auc": 0.9106878465035873,
      "low_recall": 0.6787709497206704,
      "high_recall": 0.86709886547812,
      "brier": 0.14658388908644743
    },
    "RF": {
      "acc": 0.837948717948718,
      "f1": 0.8182481028429041,
      "auc": 0.9179146709162191,
      "pr_auc": 0.9490854479441615,
      "low_recall": 0.6927374301675978,
      "high_recall": 0.9222042139384117,
      "brier": 0.11606684900284901
    }
  },
  "test": {
    "LR": {
      "acc": 0.7343589743589743,
      "f1": 0.7245489321737537,
      "auc": 0.8160770714305117,
      "pr_auc": 0.8921991074012713,
      "low_recall": 0.7430167597765364,
      "high_recall": 0.7293354943273906,
      "brier": 0.17663734458952784
    },
    "SVM": {
      "acc": 0.7784615384615384,
      "f1": 0.7583931423117165,
      "auc": 0.8502757078311891,
      "pr_auc": 0.905327679994672,
      "low_recall": 0.6675977653631285,
      "high_recall": 0.8427876823338736,
      "brier": 0.15047145463440523
    },
    "RF": {
      "acc": 0.8276923076923077,
      "f1": 0.8095401988781709,
      "auc": 0.9041270157456788,
      "pr_auc": 0.9378886583038947,
      "low_recall": 0.7067039106145251,
      "high_recall": 0.8978930307941653,
      "brier": 0.12357751566951566
    }
  },
  "test_ci": {
    "LR": {
      "auc": [
        0.8160770714305117,
        0.7895741533425658,
        0.8414203955948404
      ],
      "pr_auc": [
        0.8921991074012713,
        0.8714765535207919,
        0.9119928084852971
      ]
    },
    "SVM": {
      "auc": [
        0.8502757078311891,
        0.8254826846899223,
        0.872411706593922
      ],
      "pr_auc": [
        0.905327679994672,
        0.8832673845580821,
        0.9243436048452319
      ]
    },
    "RF": {
      "auc": [
        0.9041270157456788,
        0.8830009535611328,
        0.9215178321487415
      ],
      "pr_auc": [
        0.9378886583038947,
        0.9202695052490258,
        0.9528999909796119
      ]
    }
  },
  "mcnemar": {
    "LR_vs_SVM": {
      "chi2": 11.838926174496644,
      "p": 0.0005800526632968594,
      "b": 53,
      "c": 96
    },
    "LR_vs_RF": {
      "chi2": 41.53846153846154,
      "p": 1.1557466095268865e-10,
      "b": 52,
      "c": 143
    },
    "SVM_vs_RF": {
      "chi2": 19.37719298245614,
      "p": 1.072806443391805e-05,
      "b": 33,
      "c": 81
    }
  },
  "multiseed": {
    "LR": {
      "auc_mean": 0.8009398513260233,
      "auc_std": 0.013164466391315644,
      "f1_mean": 0.7144627459567154,
      "f1_std": 0.009520605601949674,
      "acc_mean": 0.7234871794871794,
      "acc_std": 0.008955437929412538
    },
    "SVM": {
      "auc_mean": 0.8353372327807105,
      "auc_std": 0.008445571224241813,
      "f1_mean": 0.7531943191940886,
      "f1_std": 0.01218717631656567,
      "acc_mean": 0.7731282051282051,
      "acc_std": 0.009020977816326579
    },
    "RF": {
      "auc_mean": 0.8974882971306466,
      "auc_std": 0.012732598142841013,
      "f1_mean": 0.812001367122793,
      "f1_std": 0.018460854798964064,
      "acc_mean": 0.8301538461538461,
      "acc_std": 0.014885581584842475
    }
  },
  "ablation": {
    "LR": {
      "base_auc": 0.8086207364885054,
      "eng_auc": 0.8160770714305117,
      "base_f1": 0.7117867205370164,
      "eng_f1": 0.7245489321737537,
      "delta_auc": 0.00745633494200626,
      "delta_f1": 0.012762211636737297
    },
    "SVM": {
      "base_auc": 0.8502847622755629,
      "eng_auc": 0.8502757078311891,
      "base_f1": 0.7532781228433403,
      "eng_f1": 0.7583931423117165,
      "delta_auc": -9.054444373823856e-06,
      "delta_f1": 0.005115019468376225
    },
    "RF": {
      "base_auc": 0.9006795360502703,
      "eng_auc": 0.9041270157456788,
      "base_f1": 0.8170900095431299,
      "eng_f1": 0.8095401988781709,
      "delta_auc": 0.003447479695408484,
      "delta_f1": -0.007549810664959078
    }
  },
  "threshold_tuning": {
    "best_th": 0.51,
    "default": {
      "f1": 0.7245489321737537,
      "low_recall": 0.7430167597765364,
      "high_recall": 0.7293354943273906,
      "acc": 0.7343589743589743
    },
    "tuned": {
      "f1": 0.7263666979949874,
      "low_recall": 0.7541899441340782,
      "high_recall": 0.7244732576985413,
      "acc": 0.7353846153846154
    }
  },
  "density_experiment": {
    "with": {
      "auc": 0.9041270157456788,
      "f1": 0.8095401988781709
    },
    "without": {
      "auc": 0.9039911990800684,
      "f1": 0.8150789892264676
    }
  },
  "vif": {
    "fixed acidity": 8.059419980465849,
    "volatile acidity": 39.361735054561066,
    "citric acid": 1.6196708917238614,
    "residual sugar": 6.756043310701409,
    "chlorides": 1.9511590822964375,
    "free sulfur dioxide": 7.1268188963361085,
    "total sulfur dioxide": 7.8106745866295135,
    "density": 15.283106372706905,
    "pH": 2.2786040459872483,
    "sulphates": 1.4861392882237765,
    "alcohol": 4.291118742101605,
    "wine_type": 7.042949282393662,
    "so2_ratio": 4.297699073960036,
    "acidity_ratio": 37.22807079588391
  },
  "learning_curve": {
    "train_sizes": [
      363,
      831,
      1298,
      1766,
      2234,
      2701,
      3169,
      3637
    ],
    "train_mean": [
      1.0,
      1.0,
      1.0,
      1.0,
      1.0,
      1.0,
      1.0,
      1.0
    ],
    "val_mean": [
      0.7869638778868255,
      0.8156846369605744,
      0.8325673511639732,
      0.8475373085839679,
      0.8565852677478963,
      0.8670037276222244,
      0.8757246811024988,
      0.8816388810081669
    ],
    "min_gap": 0.21303612211317446,
    "max_gap": 0.1183611189918331,
    "final_gap": 0.1183611189918331
  }
}